ice cream,アイスクリーム
e-mail,メール
ice cream,アイスクリーム
e-mail,メール
ice cream,アイスクリーム
e-mail,メール
ice cream,アイスクリーム
e-mail,メール
ice cream,アイスクリーム
e-mail,メール
ice cream,アイスクリーム
e-mail,メール
ice cream,アイスクリーム
e-mail,メール
ice cream,アイスクリーム
e-mail,メール
ice cream,アイスクリーム
e-mail,メール
ice cream,アイスクリーム
e-mail,メール
ice cream,アイスクリーム
e-mail,メール
ice cream,アイスクリーム
e-mail,メール
ice cream,アイスクリーム
e-mail,メール
ice cream,アイスクリーム
e-mail,メール
ice cream,アイスクリーム
e-mail,メール
ice cream,アイスクリーム
e-mail,メール
ice cream,アイスクリーム
e-mail,メール
ice cream,アイスクリーム
e-mail,メール
ice cream,アイスクリーム
e-mail,メール
ice cream,アイスクリーム
e-mail,メール
ice cream,アイスクリーム
e-mail,メール
ice cream,アイスクリーム
e-mail,メール
ice cream,アイスクリーム
e-mail,メール
ice cream,アイスクリーム
e-mail,メール
ice cream,アイスクリーム
e-mail,メール
ice cream,アイスクリーム
e-mail,メール
ice cream,アイスクリーム
e-mail,メール
ice cream,アイスクリーム
e-mail,メール
ice cream,アイスクリーム
e-mail,メール
ice cream,アイスクリーム
e-mail,メール
ice cream,アイスクリーム
e-mail,メール
ice cream,アイスクリーム
e-mail,メール
ice cream,アイスクリーム
e-mail,メール
ice cream,アイスクリーム
e-mail,メール
ice cream,アイスクリーム
e-mail,メール
ice cream,アイスクリーム
e-mail,メール
ice cream,アイスクリーム
e-mail,メール
ice cream,アイスクリーム
e-mail,メール
ice cream,アイスクリーム
e-mail,メール
ice cream,アイスクリーム
e-mail,メール
ice cream,アイスクリーム
e-mail,メール
ice cream,アイスクリーム
e-mail,メール
ice cream,アイスクリーム
e-mail,メール
ice cream,アイスクリーム
e-mail,メール
ice cream,アイスクリーム
e-mail,メール
ice cream,アイスクリーム
e-mail,メール
ice cream,アイスクリーム
e-mail,メール
ice cream,アイスクリーム
e-mail,メール
ice cream,アイスクリーム
e-mail,メール
ice cream,アイスクリーム
e-mail,メール