apple,りんご
clock,時計
test,テスト
apple,りんご
clock,時計
test,テスト
apple,りんご
clock,時計
test,テスト
apple,りんご
clock,時計
test,テスト
apple,りんご
clock,時計
test,テスト
apple,りんご
clock,時計
test,テスト
apple,りんご
clock,時計
test,テスト
apple,りんご
clock,時計
test,テスト
apple,りんご
clock,時計
test,テスト
apple,りんご
clock,時計
test,テスト
apple,りんご
clock,時計
test,テスト
apple,りんご
clock,時計
test,テスト
apple,りんご
clock,時計
test,テスト
apple,りんご
clock,時計
test,テスト
apple,りんご
clock,時計
test,テスト
apple,りんご
clock,時計
test,テスト
apple,りんご
clock,時計
test,テスト
apple,りんご
clock,時計
test,テスト
apple,りんご
clock,時計
test,テスト
apple,りんご
clock,時計
test,テスト
apple,りんご
clock,時計
test,テスト
apple,りんご
clock,時計
test,テスト
apple,りんご
clock,時計
test,テスト
apple,りんご
clock,時計
test,テスト
apple,りんご
clock,時計
test,テスト
apple,りんご
clock,時計
test,テスト
apple,りんご
clock,時計
test,テスト
apple,りんご
clock,時計
test,テスト
apple,りんご
clock,時計
test,テスト
apple,りんご
clock,時計
test,テスト
apple,りんご
clock,時計
test,テスト
apple,りんご
clock,時計
test,テスト
apple,りんご
clock,時計
test,テスト
apple,りんご
clock,時計
test,テスト
apple,りんご
clock,時計
test,テスト
apple,りんご
clock,時計
test,テスト
apple,りんご
clock,時計
test,テスト
apple,りんご
clock,時計
test,テスト
apple,りんご
clock,時計
test,テスト
apple,りんご
clock,時計
test,テスト
apple,りんご
clock,時計
test,テスト
apple,りんご
clock,時計
test,テスト
apple,りんご
clock,時計
test,テスト
apple,りんご
clock,時計
test,テスト
apple,りんご
clock,時計
test,テスト
apple,りんご
clock,時計
test,テスト
apple,りんご
clock,時計
test,テスト
apple,りんご
clock,時計
test,テスト
apple,りんご
clock,時計
test,テスト
apple,りんご
clock,時計
test,テスト
apple,りんご
clock,時計
test,テスト
apple,りんご
clock,時計
test,テスト
apple,りんご
clock,時計
test,テスト
apple,りんご
clock,時計
test,テスト
apple,りんご
clock,時計
test,テスト
apple,りんご
clock,時計
test,テスト
apple,りんご
clock,時計
test,テスト
apple,りんご
clock,時計
test,テスト
apple,りんご
clock,時計
test,テスト
apple,りんご
clock,時計
test,テスト
apple,りんご
clock,時計
test,テスト
apple,りんご
clock,時計
test,テスト
apple,りんご
clock,時計
test,テスト
apple,りんご
clock,時計
test,テスト
apple,りんご
clock,時計
test,テスト
apple,りんご
clock,時計
test,テスト
apple,りんご
clock,時計
test,テスト
apple,りんご
clock,時計
test,テスト
apple,りんご
clock,時計
test,テスト
apple,りんご
clock,時計
test,テスト
apple,りんご
clock,時計
test,テスト
apple,りんご
clock,時計
test,テスト
apple,りんご
clock,時計
test,テスト
apple,りんご
clock,時計
test,テスト
apple,りんご
clock,時計
test,テスト
apple,りんご
clock,時計
test,テスト
apple,りんご
clock,時計
test,テスト
apple,りんご
clock,時計
test,テスト
apple,りんご
clock,時計
test,テスト
apple,りんご
clock,時計
test,テスト
apple,りんご
clock,時計
test,テスト
apple,りんご
clock,時計
test,テスト
apple,りんご
clock,時計
test,テスト
apple,りんご
clock,時計
test,テスト
apple,りんご
clock,時計
test,テスト
apple,りんご
clock,時計
test,テスト
apple,りんご
clock,時計
test,テスト
apple,りんご
clock,時計
test,テスト
apple,りんご
clock,時計
test,テスト
apple,りんご
clock,時計
test,テスト
apple,りんご
clock,時計
test,テスト
apple,りんご
clock,時計
test,テスト
apple,りんご
clock,時計
test,テスト
apple,りんご
clock,時計
test,テスト
apple,りんご
clock,時計
test,テスト
apple,りんご
clock,時計
test,テスト
apple,りんご
clock,時計
test,テスト
apple,りんご
clock,時計
test,テスト
apple,りんご
clock,時計
test,テスト
apple,りんご
clock,時計
test,テスト
apple,りんご
clock,時計
test,テスト
apple,りんご
clock,時計
test,テスト
apple,りんご
clock,時計
test,テスト
apple,りんご
clock,時計
test,テスト
apple,りんご
clock,時計
test,テスト
apple,りんご
clock,時計
test,テスト
apple,りんご
clock,時計
test,テスト
apple,りんご
clock,時計
test,テスト
apple,りんご
clock,時計
test,テスト
apple,りんご
clock,時計
test,テスト
apple,りんご
clock,時計
test,テスト
apple,りんご
clock,時計
test,テスト
apple,りんご
clock,時計
test,テスト
apple,りんご
clock,時計
test,テスト
apple,りんご
clock,時計
test,テスト
apple,りんご
clock,時計
test,テスト
apple,りんご
clock,時計
test,テスト
apple,りんご
clock,時計
test,テスト
apple,りんご
clock,時計
test,テスト
apple,りんご
clock,時計
test,テスト
apple,りんご
clock,時計
test,テスト
apple,りんご
clock,時計
test,テスト
apple,りんご
clock,時計
test,テスト
apple,りんご
clock,時計
test,テスト
apple,りんご
clock,時計
test,テスト
apple,りんご
clock,時計
test,テスト
apple,りんご
clock,時計
test,テスト
apple,りんご
clock,時計
test,テスト
apple,りんご
clock,時計
test,テスト
apple,りんご
clock,時計
test,テスト
apple,りんご
clock,時計
test,テスト
apple,りんご
clock,時計
test,テスト
apple,りんご
clock,時計
test,テスト
apple,りんご
clock,時計
test,テスト
apple,りんご
clock,時計
test,テスト
apple,りんご
clock,時計
test,テスト
apple,りんご
clock,時計
test,テスト
apple,りんご
clock,時計
test,テスト
apple,りんご
clock,時計
test,テスト
apple,りんご
clock,時計
test,テスト
apple,りんご
clock,時計
test,テスト
apple,りんご
clock,時計
test,テスト
apple,りんご
clock,時計
test,テスト
apple,りんご
clock,時計
test,テスト
apple,りんご
clock,時計
test,テスト
apple,りんご
clock,時計
test,テスト
apple,りんご
clock,時計
test,テスト
apple,りんご
clock,時計
test,テスト
apple,りんご
clock,時計
test,テスト
apple,りんご
clock,時計
test,テスト
apple,りんご
clock,時計
test,テスト
apple,りんご
clock,時計
test,テスト
apple,りんご
clock,時計
test,テスト
apple,りんご
clock,時計
test,テスト
apple,りんご
clock,時計
test,テスト
apple,りんご
clock,時計
test,テスト
apple,りんご
clock,時計
test,テスト
apple,りんご
clock,時計
test,テスト
apple,りんご
clock,時計
test,テスト
apple,りんご
clock,時計
test,テスト
apple,りんご
clock,時計
test,テスト
apple,りんご
clock,時計
test,テスト
apple,りんご
clock,時計
test,テスト
apple,りんご
clock,時計
test,テスト
apple,りんご
clock,時計
test,テスト
apple,りんご
clock,時計
test,テスト
apple,りんご
clock,時計
test,テスト
apple,りんご
clock,時計
test,テスト
apple,りんご
clock,時計
test,テスト
apple,りんご
clock,時計
test,テスト
apple,りんご
clock,時計
test,テスト
apple,りんご
clock,時計
test,テスト
apple,りんご
clock,時計
test,テスト
apple,りんご
clock,時計
test,テスト
apple,りんご
clock,時計
test,テスト
apple,りんご
clock,時計
test,テスト
apple,りんご
clock,時計
test,テスト
apple,りんご
clock,時計
test,テスト
apple,りんご
clock,時計
test,テスト
apple,りんご
clock,時計
test,テスト
apple,りんご
clock,時計
test,テスト
apple,りんご
clock,時計
test,テスト
apple,りんご
clock,時計
test,テスト
apple,りんご
clock,時計
test,テスト
apple,りんご
clock,時計
test,テスト
apple,りんご
clock,時計
test,テスト
apple,りんご
clock,時計
test,テスト
apple,りんご
clock,時計
test,テスト
apple,りんご
clock,時計
test,テスト
apple,りんご
clock,時計
test,テスト
apple,りんご
clock,時計
test,テスト
apple,りんご
clock,時計
test,テスト
apple,りんご
clock,時計
test,テスト
apple,りんご
clock,時計
test,テスト
apple,りんご
clock,時計
test,テスト
apple,りんご
clock,時計
test,テスト
apple,りんご
clock,時計
test,テスト
apple,りんご
clock,時計
test,テスト
apple,りんご
clock,時計
test,テスト
apple,りんご
clock,時計
test,テスト
apple,りんご
clock,時計
test,テスト
apple,りんご
clock,時計
test,テスト
apple,りんご
clock,時計
test,テスト
apple,りんご
clock,時計
test,テスト
apple,りんご
clock,時計
test,テスト
apple,りんご
clock,時計
test,テスト
apple,りんご
clock,時計
test,テスト
apple,りんご
clock,時計
test,テスト
apple,りんご
clock,時計
test,テスト
apple,りんご
clock,時計
test,テスト
apple,りんご
clock,時計
test,テスト
apple,りんご
clock,時計
test,テスト
apple,りんご
clock,時計
test,テスト
apple,りんご
clock,時計
test,テスト
apple,りんご
clock,時計
test,テスト
apple,りんご
clock,時計
test,テスト
apple,りんご
clock,時計
test,テスト
apple,りんご
clock,時計
test,テスト
apple,りんご
clock,時計
test,テスト
apple,りんご
clock,時計
test,テスト
apple,りんご
clock,時計
test,テスト
apple,りんご
clock,時計
test,テスト
apple,りんご
clock,時計
test,テスト
apple,りんご
clock,時計
test,テスト
apple,りんご
clock,時計
test,テスト
apple,りんご
clock,時計
test,テスト
apple,りんご
clock,時計
test,テスト
apple,りんご
clock,時計
test,テスト
apple,りんご
clock,時計
test,テスト
apple,りんご
clock,時計
test,テスト
apple,りんご
clock,時計
test,テスト
apple,りんご
clock,時計
test,テスト
apple,りんご
clock,時計
test,テスト
apple,りんご
clock,時計
test,テスト
apple,りんご
clock,時計
test,テスト
apple,りんご
clock,時計
test,テスト
apple,りんご
clock,時計
test,テスト
apple,りんご
clock,時計
test,テスト
apple,りんご
clock,時計
test,テスト
apple,りんご
clock,時計
test,テスト
apple,りんご
clock,時計
test,テスト
apple,りんご
clock,時計
test,テスト
apple,りんご
clock,時計
test,テスト
apple,りんご
clock,時計
test,テスト
apple,りんご
clock,時計
test,テスト
apple,りんご
clock,時計
test,テスト
apple,りんご
clock,時計
test,テスト
apple,りんご
clock,時計
test,テスト
apple,りんご
clock,時計
test,テスト
apple,りんご
clock,時計
test,テスト
apple,りんご
clock,時計
test,テスト
apple,りんご
clock,時計
test,テスト
apple,りんご
clock,時計
test,テスト
apple,りんご
clock,時計
test,テスト
apple,りんご
clock,時計
test,テスト
apple,りんご
clock,時計
test,テスト
apple,りんご
clock,時計
test,テスト
apple,りんご
clock,時計
test,テスト
apple,りんご
clock,時計
test,テスト
apple,りんご
clock,時計
test,テスト
apple,りんご
clock,時計
test,テスト
apple,りんご
clock,時計
test,テスト
apple,りんご
clock,時計
test,テスト
apple,りんご
clock,時計
test,テスト
apple,りんご
clock,時計
test,テスト
apple,りんご
clock,時計
test,テスト
apple,りんご
clock,時計
test,テスト
apple,りんご
clock,時計
test,テスト
apple,りんご
clock,時計
test,テスト
apple,りんご
clock,時計
test,テスト
apple,りんご
clock,時計
test,テスト
apple,りんご
clock,時計
test,テスト
apple,りんご
clock,時計
test,テスト
apple,りんご
clock,時計
test,テスト
apple,りんご
clock,時計
test,テスト
apple,りんご
clock,時計
test,テスト
apple,りんご
clock,時計
test,テスト
apple,りんご
clock,時計
test,テスト
apple,りんご
clock,時計
test,テスト
apple,りんご
clock,時計
test,テスト
apple,りんご
clock,時計
test,テスト
apple,りんご
clock,時計
test,テスト
apple,りんご
clock,時計
test,テスト
apple,りんご
clock,時計
test,テスト
apple,りんご
clock,時計
test,テスト
apple,りんご
clock,時計
test,テスト
apple,りんご
clock,時計
test,テスト
apple,りんご
clock,時計
test,テスト
apple,りんご
clock,時計
test,テスト
apple,りんご
clock,時計
test,テスト
apple,りんご
clock,時計
test,テスト
apple,りんご
clock,時計
test,テスト
apple,りんご
clock,時計
test,テスト
apple,りんご
clock,時計
test,テスト
apple,りんご
clock,時計
test,テスト
apple,りんご
clock,時計
test,テスト
apple,りんご
clock,時計
test,テスト
apple,りんご
clock,時計
test,テスト
apple,りんご
clock,時計
test,テスト
apple,りんご
clock,時計
test,テスト
apple,りんご
clock,時計
test,テスト
apple,りんご
clock,時計
test,テスト
apple,りんご
clock,時計
test,テスト
apple,りんご
clock,時計
test,テスト
apple,りんご
clock,時計
test,テスト
apple,りんご
clock,時計
test,テスト
apple,りんご
clock,時計
test,テスト
apple,りんご
clock,時計
test,テスト
apple,りんご
clock,時計
test,テスト
apple,りんご
clock,時計
test,テスト
apple,りんご
clock,時計
test,テスト
apple,りんご
clock,時計
test,テスト
apple,りんご
clock,時計
test,テスト
apple,りんご
clock,時計
test,テスト
apple,りんご
clock,時計
test,テスト
apple,りんご
clock,時計
test,テスト
apple,りんご
clock,時計
test,テスト
apple,りんご
clock,時計
test,テスト
apple,りんご
clock,時計
test,テスト
apple,りんご
clock,時計
test,テスト
apple,りんご
clock,時計
test,テスト
apple,りんご
clock,時計
test,テスト
apple,りんご
clock,時計
test,テスト
apple,りんご
clock,時計
test,テスト
apple,りんご
clock,時計
test,テスト
apple,りんご
clock,時計
test,テスト
apple,りんご
clock,時計
test,テスト
apple,りんご
clock,時計
test,テスト
apple,りんご
clock,時計
test,テスト
apple,りんご
clock,時計
test,テスト
apple,りんご
clock,時計
test,テスト
apple,りんご
clock,時計
test,テスト
apple,りんご
clock,時計
test,テスト
apple,りんご